source,model_raw,input,output,cache_hit,context,condition,unit,currency,input_rmb,output_rmb,canonical,is_lowest_input
aliyun,Qwen3.7-Max,14.4,43.2,2.88,,,1M tokens,CNY,14.4,43.2,Qwen3.7 Max,no
aliyun,Qwen3.7-Plus,2.4,9.6,0.48,,,1M tokens,CNY,2.4,9.6,Qwen3.7 Plus,no
aliyun_intl,deepseek-v3.2,0.57,1.71,0.114,,阿里云国际站 Model Studio (ap-southeast-1),1M tokens,USD,3.99,11.97,DeepSeek V3.2,no
aliyun_intl,deepseek-v4-flash,0.2,0.4,0.04,,阿里云国际站 Model Studio (ap-southeast-1),1M tokens,USD,1.4,2.8,DeepSeek V4 Flash,no
aliyun_intl,deepseek-v4-pro,2.4,4.8,0.2,,阿里云国际站 Model Studio (ap-southeast-1),1M tokens,USD,16.8,33.6,DeepSeek V4 Pro,no
aliyun_intl,glm-5.1,1.4,4.4,0.26,,阿里云国际站 Model Studio (ap-southeast-1),1M tokens,USD,9.8,30.8,GLM-5.1,no
aliyun_intl,glm-5.2,1.4,4.4,0.28,,阿里云国际站 Model Studio (ap-southeast-1),1M tokens,USD,9.8,30.8,GLM-5.2,no
aliyun_intl,kimi-k2.7-code,0.95,4.0,0.19,,阿里云国际站 Model Studio (ap-southeast-1),1M tokens,USD,6.65,28.0,Kimi K2.7 Code,no
aliyun_intl,qwen3.7-max,2.5,7.5,0.5,,阿里云国际站 Model Studio (ap-southeast-1),1M tokens,USD,17.5,52.5,Qwen3.7 Max,no
aliyun_intl,qwen3.7-plus,0.4,1.6,0.08,,阿里云国际站 Model Studio (ap-southeast-1),1M tokens,USD,2.8,11.2,Qwen3.7 Plus,no
aliyun_intl,qwen3.8-max,2.0,6.0,0.25,,阿里云国际站 Model Studio (ap-southeast-1),1M tokens,USD,14.0,42.0,Qwen3.8 Max,no
bigmodel,GLM-5.1,6.0,24.0,,,"输入长度 [0, 32)",1M tokens,CNY,6.0,24.0,GLM-5.1,no
bigmodel,GLM-5.2,8.0,28.0,,,1M,1M tokens,CNY,8.0,28.0,GLM-5.2,no
deepseek,deepseek-v4-flash,1.0,2.0,0.02,1M,,1M tokens,CNY,1.0,2.0,DeepSeek V4 Flash,no
deepseek,deepseek-v4-pro,3.0,6.0,0.025,1M,,1M tokens,CNY,3.0,6.0,DeepSeek V4 Pro,yes
kimi,kimi-k2.6,1.1,27.0,1.1,"262,144 tokens",,1M tokens,CNY,1.1,27.0,Kimi K2.6,yes
kimi,kimi-k2.7-code,1.3,27.0,1.3,"262,144 tokens",,1M tokens,CNY,1.3,27.0,Kimi K2.7 Code,yes
kimi,kimi-k3,2.0,100.0,2.0,"1,048,576 tokens",,1M tokens,CNY,2.0,100.0,Kimi K3,yes
minimax,MiniMax-M2.7,2.1,8.4,0.42,,,1M tokens,CNY,2.1,8.4,MiniMax M2.7,yes
minimax,MiniMax-M3,2.1,8.4,0.42,≤512K,,1M tokens,CNY,2.1,8.4,MiniMax M3,yes
minimax,MiniMax-M3,4.2,16.8,0.84,512K~1,,1M tokens,CNY,4.2,16.8,MiniMax M3,no
modelmesh,DeepSeek-V4-Flash,1.0,2.0,,1000K,,1M tokens,CNY,1.0,2.0,DeepSeek V4 Flash,no
modelmesh,DeepSeek-V4-Pro,3.0,6.0,,1000K,,1M tokens,CNY,3.0,6.0,DeepSeek V4 Pro,yes
modelmesh,Doubao-Seed-2.1-pro,6.0,30.0,,256K,,1M tokens,CNY,6.0,30.0,Doubao Seed 2.1 Pro,yes
modelmesh,Doubao-Seed-2.1-turbo,3.0,15.0,,256K,,1M tokens,CNY,3.0,15.0,Doubao Seed 2.1 Turbo,yes
modelmesh,GLM-5.1,6.0,24.0,,200K,,1M tokens,CNY,6.0,24.0,GLM-5.1,no
modelmesh,GLM-5.2,8.0,28.0,,1000K,,1M tokens,CNY,8.0,28.0,GLM-5.2,no
modelmesh,Kimi K2.6,6.5,27.0,,256K,,1M tokens,CNY,6.5,27.0,Kimi K2.6,no
modelmesh,Kimi K2.7 Code,6.5,27.0,,256K,,1M tokens,CNY,6.5,27.0,Kimi K2.7 Code,no
modelmesh,Kimi K3,20.0,100.0,,1000K,,1M tokens,CNY,20.0,100.0,Kimi K3,no
modelmesh,MiniMax M2.7,2.1,8.4,,200K,,1M tokens,CNY,2.1,8.4,MiniMax M2.7,yes
modelmesh,MiniMax M3,2.1,8.4,,1000K,,1M tokens,CNY,2.1,8.4,MiniMax M3,yes
modelmesh,Qwen3.7-Max,6.0,18.0,,1000K,,1M tokens,CNY,6.0,18.0,Qwen3.7 Max,yes
modelmesh,Qwen3.7-Plus,1.6,6.4,,1000K,,1M tokens,CNY,1.6,6.4,Qwen3.7 Plus,yes
modelmesh,Qwen3.8-Max,12.0,36.0,,1000K,,1M tokens,CNY,12.0,36.0,Qwen3.8 Max,yes
openrouter,DeepSeek V4 Flash,0.0882,0.1764,0.01764,1.04858M,id=deepseek/deepseek-v4-flash | 国内高频 OpenRouter 价（取 OpenRouter API 实时价，不覆盖）,1M tokens,USD,0.6174,1.2348,DeepSeek V4 Flash,yes
openrouter,DeepSeek V4 Pro,0.435,0.87,0.003625,1.04858M,id=deepseek/deepseek-v4-pro | 国内旗舰 OpenRouter 价,1M tokens,USD,3.045,6.09,DeepSeek V4 Pro,no
openrouter,GLM 5.2,0.76,2.42,0.14,1.04858M,id=z-ai/glm-5.2 | top-weekly,1M tokens,USD,5.32,16.94,GLM-5.2,yes
openrouter,Kimi K2.6,0.589,2.48,0.0992,262K,id=moonshotai/kimi-k2.6 | Kimi 现役,1M tokens,USD,4.123,17.36,Kimi K2.6,no
openrouter,Kimi K3,3.0,15.0,0.3,1.04858M,id=moonshotai/kimi-k3 | 新品跟进,1M tokens,USD,21.0,105.0,Kimi K3,no
openrouter,MiniMax M3,0.3,1.2,0.06,1.04858M,id=minimax/minimax-m3 | 新品跟进,1M tokens,USD,2.1,8.4,MiniMax M3,yes
tencent,Deepseek-v3.2,0.28,0.42,0.056,,-,1M tokens,USD,1.96,2.94,DeepSeek V3.2,yes
tencent,DeepSeek-V4-Flash,0.14,0.28,0.028,,-,1M tokens,USD,0.98,1.96,DeepSeek V4 Flash,no
tencent,DeepSeek-V4-Pro,1.74,3.48,0.145,,-,1M tokens,USD,12.18,24.36,DeepSeek V4 Pro,no
tencent,GLM-5.1,0.84,3.36,0.182,,0 ≤ 输入长度 ＜ 32k,1M tokens,USD,5.88,23.52,GLM-5.1,yes
tencent,GLM-5.1,1.12,3.92,0.28,,输入长度 ≥ 32k,1M tokens,USD,7.84,27.44,GLM-5.1,no
tencent,GLM-5.2,1.12,3.92,0.28,,-,1M tokens,USD,7.84,27.44,GLM-5.2,no
tencent,kimi-k2.6,0.858,3.566,0.145,,-,1M tokens,USD,6.006,24.962,Kimi K2.6,no
tencent,Kimi K2.7 Code,0.95,4.0,0.19,,-,1M tokens,USD,6.65,28.0,Kimi K2.7 Code,no
tencent,Kimi K3,2.731,13.653,0.2731,,-,1M tokens,USD,19.117,95.571,Kimi K3,no
tencent,MiniMax-M2.7,0.3,1.2,0.06,,-,1M tokens,USD,2.1,8.4,MiniMax M2.7,yes
tencent,MiniMax-M3,0.3,1.2,0.06,,"输入长度（0, 512k]",1M tokens,USD,2.1,8.4,MiniMax M3,yes
tencent,MiniMax-M3,0.6,2.4,0.12,,输入长度 512k+,1M tokens,USD,4.2,16.8,MiniMax M3,no
volcengine,doubao-seed-2.1-pro,6.0,30.0,1.2,,"输入长度 [0, 256]",1M tokens,CNY,6.0,30.0,Doubao Seed 2.1 Pro,yes
volcengine,doubao-seed-2.1-turbo,3.0,15.0,0.6,,"输入长度 [0, 256]",1M tokens,CNY,3.0,15.0,Doubao Seed 2.1 Turbo,yes
